TypeAttribution,Departement,CodePostal,NomEntreprise,Localite,Agence,URL_Avis
CP,05,05000,Bouygues Immobilier - espace de vente de Gap,Gap,Agence Alpes du Sud,https://g.page/r/CS27hjU29S0sEAE/review
CP,06,06200,Bouygues Immobilier - espace de vente de Nice,Nice,Agence Côte d'Azur,https://g.page/r/CRF6Hi738c8uEAE/review
CP,13,13002,Bouygues Immobilier - Direction Régionale,Marseille,Agence Provence,https://g.page/r/CSAYblFmfyJKEAE/review
CP,13,13090,Bouygues Immobilier - espace de vente Aix-en-Provence,Aix-en-Provence,Agence Provence,https://g.page/r/CS37aXJQE6_FEAE/review
CP,14,14000,Bouygues Immobilier - espace de vente de Caen,Caen,Agence Normandie,https://g.page/r/CfwtGrBXayvjEAE/review
CP,17,17000,Bouygues Immobilier - espace de vente de La Rochelle,La Rochelle,Agence Vendée Sud Charentes,https://g.page/r/CU4s3meRJ_jPEAE/review
CP,28,28000,Bouygues Immobilier - espace de vente de Chartres,Chartres,Agence Centre,https://g.page/r/CeMfzCW7fTmCEAE/review
CP,31,31300,Bouygues Immobilier - espace de vente de Toulouse,Toulouse,Agence Midi-Pyrénées,https://g.page/r/CQikIvTYhJ1oEAE/review
CP,33,33300,Bouygues Immobilier - espace de vente de Bordeaux,Bordeaux,Agence Aquitaine,https://g.page/r/CeqiflNAHARSEAE/review
CP,34,34000,Bouygues Immobilier - espace de vente de Montpellier,Montpellier,Agence Languedoc,https://g.page/r/CQIoLcnpSAF0EAE/review
CP,35,35000,Bouygues Immobilier - espace de vente de Rennes,Rennes,Agence Bretagne Nord,https://g.page/r/CcqPLQzWMqFsEAE/review
CP,37,37000,Bouygues Immobilier - espace de vente de Tours,Tours,Agence Val de Loire,https://g.page/r/Cb_IYGZ5a-vcEAE/review
CP,38,38000,Bouygues Immobilier - espace de vente de Grenoble,Grenoble,Agence Arc Alpin,https://g.page/r/CelevOhyUFs8EAE/review
CP,44,44000,Bouygues Immobilier - espace de vente de Nantes,Nantes,Agence Pays de la Loire,https://g.page/r/CYz719_WkfXaEAE/review
CP,45,45000,Bouygues Immobilier - espace de vente d'Orléans,Orléans,Agence Centre,https://g.page/r/CezEiIowM72fEAE/review
CP,49,49100,Bouygues Immobilier - espace de vente de Angers,Angers,Agence Val de Loire,https://g.page/r/Cbk1XOlrFbrNEAE/review
CP,50,50100,Bouygues Immobilier - espace de vente de Cherbourg-en-Cotentin,Cherbourg-en-Cotentin,Agence Normandie,https://g.page/r/CRQ8k5MY3XODEAE/review
CP,51,51100,Bouygues Immobilier - Direction Régionale,Reims,Agence champagne,https://g.page/r/CZNGDWrjejEXEAE/review
CP,56,56000,Bouygues Immobilier - espace de vente de Vannes,Vannes,Agence Bretagne Sud,https://g.page/r/Cbss0pQqm7dcEAE/review
CP,57,57000,Bouygues Immobilier - Direction régionale,Metz,Agence Lorraine,https://g.page/r/Ca8NW33bT_ShEAE/review
CP,59,59290,Bouygues Immobilier - Direction Régionale de Wasquehal,Wasquehal,Agence Hauts de France,https://g.page/r/CYtclBY3yuKVEAE/review
CP,63,63000,Bouygues Immobilier - espace de vente de Clermont-Ferrand,Clermont-Ferrand,Agence Loire-Auvergne,https://g.page/r/Cc0h4TOd098tEAE/review
CP,64,64600,Bouygues Immobilier - espace de vente d'Anglet,Anglet,Agence Côte Basque,https://g.page/r/Cby6H26eECOZEAE/review
CP,66,66100,Bouygues Immobilier - espace de vente de Perpignan,Perpignan,Agence Roussillon,https://g.page/r/CSwE_JmDXDZeEAE/review
CP,67,67100,Bouygues Immobilier - Direction Régionale,Strasbourg,Agence Alsace,https://g.page/r/Cf1ZnN5EoOVEEAE/review
CP,69,69007,Bouygues Immobilier - espace de vente de Lyon,Lyon,Agence Lyon Métropole,https://g.page/r/CX6iVhRg76OkEAE/review
CP,74,74000,Bouygues Immobilier - Annecy,Annecy,Agence Arc Alpin,https://g.page/r/CQoN8q5ZSANlEAE/review
CP,74,74200,Bouygues Immobilier - espace de vente de Thonon-les-bains,Thonon-les-Bains,Agence Arc Alpin,https://g.page/r/CfRe5IA7Mr0hEAE/review
CP,76,76000,Bouygues Immobilier - espace de vente de Rouen,Rouen,Agence Normandie,https://g.page/r/CYhRYaYhVURnEAE/review
CP,76,76600,Bouygues Immobilier - espace de vente du Havre,Le Havre,Agence Normandie,https://g.page/r/CXop9EWyfzpDEAE/review
CP,77,77600,Bouygues Immobilier - espace de vente de Bussy-Saint-Georges,Bussy-Saint-Georges,Agence IDF Sud,https://g.page/r/CclVznqyF0iQEAE/review
CP,78,78000,Bouygues Immobilier - espace de vente de Versailles,Versailles,Agence Yvelines,https://g.page/r/CeVAEiY1ry33EAE/review
CP,78,78210,Bouygues Immobilier- Saint-Cyr l'école,Saint-Cyr l'école,Agence Yvelines,https://g.page/r/CU4s3meRJ_jPEAE/review
CP,83,83100,Bouygues Immobilier - espace de vente de Toulon,Toulon,Agence Var Ouest,https://g.page/r/CXzCsMEwo65jEAE/review
CP,85,85000,Bouygues Immobilier - espace de vente de La Roche-Sur-Yon,La Roche-sur-Yon,Agence Pays de la Loire,https://g.page/r/CZT1_ZyZueglEAE/review
CP,91,91000,Bouygues Immobilier - espace de vente d'Evry-Courcouronnes,Évry-Courcouronnes,Agence IDF Sud,https://g.page/r/CUYEotWLL2VEEAE/review
CP,92,92130,Bouygues Immobilier ,Issy-les-Moulineaux,Agence Paris-Hauts-de-Seine,https://g.page/r/Cf0SNXT0XfkEEAE/review
CP,92,92290,Bouygues Immobilier - espace de vente de Châtenay-Malabry,Châtenay-Malabry,Agence Paris-Hauts-de-Seine,https://g.page/r/CR5cgpAS4521EAE/review
CP,92,92300,Bouygues Immobilier - espace de vente Levallois-Perret,Levallois-Perret,Agence Paris-Hauts-de-Seine,https://g.page/r/CTg1iqEcsDdcEAE/review
CP,92,92600,Bouygues Immobilier - Espace de vente d'Asnières Sur Seine,Asnières-sur-Seine,Agence Paris-Hauts-de-Seine,https://g.page/r/CePa_J2CXmOuEAE/review
CP,93,93150,Bouygues Immobilier - espace de vente du Blanc-Mesnil,Le Blanc-Mesnil,Agence Seine-Saint-Denis,https://g.page/r/CR92T-d0kBL3EAE/review
CP,93,93200,Bouygues Immobilier - espace de vente de Saint-Denis,Saint-Denis,Agence Seine-Saint-Denis,https://g.page/r/Cf8g4gI3AD_lEAE/review
CP,94,94320,Bouygues Immobilier - espace de vente de Thiais,Thiais,Agence Val de Marne-Portes de l'Essonne,https://g.page/r/CUeLFftqxtoIEAE/review
CP,95,95210,Bouygues Immobilier - espace de vente de Saint-Gratien,Saint-Gratien,Agence IDF Nord,https://g.page/r/CWK10Yg1XUfAEAE/review
CP,95,95530,Bouygues Immobilier - espace de vente de Cormeilles-en-Parisis,Cormeilles-en-Parisis,Agence IDF Nord,https://g.page/r/CY5J_E2i9b9tEAE/review
DEPT,13,,Bouygues Immobilier - Direction Régionale,Marseille,Agence Provence,https://g.page/r/CSAYblFmfyJKEAE/review
DEPT,57,,Bouygues Immobilier - Direction régionale,Metz,Agence Lorraine,https://g.page/r/Ca8NW33bT_ShEAE/review
DEPT,67,,Bouygues Immobilier - Direction Régionale,Strasbourg,Agence Alsace,https://g.page/r/Cf1ZnN5EoOVEEAE/review
DEPT,74,,Bouygues Immobilier - Annecy,Annecy,Agence Arc Alpin,https://g.page/r/CQoN8q5ZSANlEAE/review
DEPT,76,,Bouygues Immobilier - espace de vente de Rouen,Rouen,Agence Normandie,https://g.page/r/CYhRYaYhVURnEAE/review
DEPT,77,,Bouygues Immobilier ,Issy les Moulineaux,Agence Paris-Hauts-de-Seine,https://g.page/r/Cf0SNXT0XfkEEAE/review
DEPT,78,,Bouygues Immobilier ,Issy les Moulineaux,Agence Paris-Hauts-de-Seine,https://g.page/r/Cf0SNXT0XfkEEAE/review
DEPT,91,,Bouygues Immobilier ,Issy les Moulineaux,Agence Paris-Hauts-de-Seine,https://g.page/r/Cf0SNXT0XfkEEAE/review
DEPT,92,,Bouygues Immobilier ,Issy les Moulineaux,Agence Paris-Hauts-de-Seine,https://g.page/r/Cf0SNXT0XfkEEAE/review
DEPT,93,,Bouygues Immobilier ,Issy les Moulineaux,Agence Paris-Hauts-de-Seine,https://g.page/r/Cf0SNXT0XfkEEAE/review
DEPT,94,,Bouygues Immobilier ,Issy les Moulineaux,Agence Paris-Hauts-de-Seine,https://g.page/r/Cf0SNXT0XfkEEAE/review
DEPT,95,,Bouygues Immobilier ,Issy les Moulineaux,Agence Paris-Hauts-de-Seine,https://g.page/r/Cf0SNXT0XfkEEAE/review
DEPT,51,,Bouygues Immobilier - Direction Régionale,Reims,,https://g.page/r/CZNGDWrjejEXEAE/review
CP,51,51100,Bouygues Immobilier - espace de vente de Reims,Reims,Agence champagne,https://g.page/r/CQePNjYN5o95EAE/review